close,high,low,open,symbol,volume,id,key,subkey,date,updated,changeOverTime,marketChangeOverTime,uOpen,uClose,uHigh,uLow,uVolume,fOpen,fClose,fHigh,fLow,fVolume,label,change,changePercent
1893.07,1915.54,1844.585,1844.585,GOOGL,2012603,HISTORICAL_PRICES,GOOGL,,2021-02-01,1612238411000,0,0,1844.585,1893.07,1915.54,1844.585,2012603,1844.585,1893.07,1915.54,1844.585,2012603,"Feb 1, 21",0,0
1919.12,1949.37,1906.37,1913.13,GOOGL,3316620,HISTORICAL_PRICES,GOOGL,,2021-02-02,1612320499000,0.01376071671940285,0.01376071671940285,1913.13,1919.12,1949.37,1906.37,3316620,1913.13,1919.12,1949.37,1906.37,3316620,"Feb 2, 21",26.049999999999955,0.0138
2058.88,2106.6234,2013.55,2065.61,GOOGL,4894082,HISTORICAL_PRICES,GOOGL,,2021-02-03,1612403294000,0.08758788634334715,0.08758788634334715,2065.61,2058.88,2106.6234,2013.55,4894082,2065.61,2058.88,2106.6234,2013.55,4894082,"Feb 3, 21",139.76000000000022,0.0728
2053.63,2069.3,2035.1,2060.6156,GOOGL,2429780,HISTORICAL_PRICES,GOOGL,,2021-02-04,1612490417000,0.08481461330008937,0.08481461330008937,2060.6156,2053.63,2069.3,2035.1,2429780,2060.6156,2053.63,2069.3,2035.1,2429780,"Feb 4, 21",-5.25,-0.0025
2088.83,2095.94,2050,2059.56,GOOGL,1493256,HISTORICAL_PRICES,GOOGL,,2021-02-05,1612577774000,0.10340874875202713,0.10340874875202713,2059.56,2088.83,2095.94,2050,1493256,2059.56,2088.83,2095.94,2050,1493256,"Feb 5, 21",35.19999999999982,0.0171
2084.52,2115,2063.35,2100,GOOGL,1441443,HISTORICAL_PRICES,GOOGL,,2021-02-08,1612835293000,0.10113202364413364,0.10113202364413364,2100,2084.52,2115,2063.35,1441443,2100,2084.52,2115,2063.35,1441443,"Feb 8, 21",-4.309999999999945,-0.0021
2075.39,2098.51,2070,2074.8,GOOGL,1094583,HISTORICAL_PRICES,GOOGL,,2021-02-09,1612926139000,0.09630916976128719,0.09630916976128719,2074.8,2075.39,2098.51,2070,1094583,2074.8,2075.39,2098.51,2070,1094583,"Feb 9, 21",-9.13000000000011,-0.0044
2086.48,2098.88,2052.24,2083.14,GOOGL,1255080,HISTORICAL_PRICES,GOOGL,,2021-02-10,1613015292000,0.10216737891361655,0.10216737891361655,2083.14,2086.48,2098.88,2052.24,1255080,2083.14,2086.48,2098.88,2052.24,1255080,"Feb 10, 21",11.090000000000146,0.0053
2088.75,2094,2068.86,2091,GOOGL,1024029,HISTORICAL_PRICES,GOOGL,,2021-02-11,1613094497000,0.10336648935327276,0.10336648935327276,2091,2088.75,2094,2068.86,1024029,2091,2088.75,2094,2068.86,1024029,"Feb 11, 21",2.269999999999982,0.0011
2095.03,2099.5,2073.57,2079.77,GOOGL,949525,HISTORICAL_PRICES,GOOGL,,2021-02-12,1613182579000,0.1066838521554936,0.1066838521554936,2079.77,2095.03,2099.5,2073.57,949525,2079.77,2095.03,2099.5,2073.57,949525,"Feb 12, 21",6.2800000000002,0.003
2110.7,2145.14,2091.75,2091.75,GOOGL,1550195,HISTORICAL_PRICES,GOOGL,,2021-02-16,1613527217000,0.11496141188651232,0.11496141188651232,2091.75,2110.7,2145.14,2091.75,1550195,2091.75,2110.7,2145.14,2091.75,1550195,"Feb 16, 21",15.669999999999618,0.0075
2118.62,2122.4434,2088.35,2093.98,GOOGL,1015177,HISTORICAL_PRICES,GOOGL,,2021-02-17,1613616494000,0.11914509236319838,0.11914509236319838,2093.98,2118.62,2122.4434,2088.35,1015177,2093.98,2118.62,2122.4434,2088.35,1015177,"Feb 17, 21",7.920000000000073,0.0038
2105.81,2121.99,2093.33,2105,GOOGL,1128549,HISTORICAL_PRICES,GOOGL,,2021-02-18,1613700127000,0.11237830613764943,0.11237830613764943,2105,2105.81,2121.99,2093.33,1128549,2105,2105.81,2121.99,2093.33,1128549,"Feb 18, 21",-12.809999999999945,-0.006
2088.81,2118.58,2083.43,2107.79,GOOGL,1896939,HISTORICAL_PRICES,GOOGL,,2021-02-19,1613787378000,0.10339818390233854,0.10339818390233854,2107.79,2088.81,2118.58,2083.43,1896939,2107.79,2088.81,2118.58,2083.43,1896939,"Feb 19, 21",-17,-0.0081
2054.26,2080.33,2048,2053.6,GOOGL,1473317,HISTORICAL_PRICES,GOOGL,,2021-02-22,1614056422000,0.08514740606528036,0.08514740606528036,2053.6,2054.26,2080.33,2048,1473317,2053.6,2054.26,2080.33,2048,1473317,"Feb 22, 21",-34.54999999999973,-0.0165
2060.12,2072.5,1990.23,2013.99,GOOGL,1732899,HISTORICAL_PRICES,GOOGL,,2021-02-23,1614132014000,0.08824290702404029,0.08824290702404029,2013.99,2060.12,2072.5,1990.23,1732899,2013.99,2060.12,2072.5,1990.23,1732899,"Feb 23, 21",5.859999999999673,0.0029
2083.81,2088.32,2027.53,2030.04,GOOGL,1130437,HISTORICAL_PRICES,GOOGL,,2021-02-24,1614218424000,0.10075697148018828,0.10075697148018828,2030.04,2083.81,2088.32,2027.53,1130437,2030.04,2083.81,2088.32,2027.53,1130437,"Feb 24, 21",23.690000000000055,0.0115
2015.95,2083,2006.49,2055.93,GOOGL,2077409,HISTORICAL_PRICES,GOOGL,,2021-02-25,1614306733000,0.06491043648676495,0.06491043648676495,2055.93,2015.95,2083,2006.49,2077409,2055.93,2015.95,2083,2006.49,2077409,"Feb 25, 21",-67.8599999999999,-0.0326
2021.91,2056.52,2001.01,2029.95,GOOGL,2002064,HISTORICAL_PRICES,GOOGL,,2021-02-26,1614392180000,0.06805876169396807,0.06805876169396807,2029.95,2021.91,2056.52,2001.01,2002064,2029.95,2021.91,2056.52,2001.01,2002064,"Feb 26, 21",5.960000000000036,0.003
2069.66,2076.23,2034.42,2048,GOOGL,1303089,HISTORICAL_PRICES,GOOGL,,2021-03-01,1614651376000,0.09328234032550298,0.09328234032550298,2048,2069.66,2076.23,2034.42,1303089,2048,2069.66,2076.23,2034.42,1303089,"Mar 1, 21",47.74999999999977,0.0236
2064.48,2094.74,2056.67,2064.84,GOOGL,1278184,HISTORICAL_PRICES,GOOGL,,2021-03-02,1614736810000,0.0905460442561554,0.0905460442561554,2064.84,2064.48,2094.74,2056.67,1278184,2064.84,2064.48,2094.74,2056.67,1278184,"Mar 2, 21",-5.179999999999836,-0.0025
2011.41,2075.99,1994,2051.95,GOOGL,1694645,HISTORICAL_PRICES,GOOGL,,2021-03-03,1614823232000,0.06251221560745253,0.06251221560745253,2051.95,2011.41,2075.99,1994,1694645,2051.95,2011.41,2075.99,1994,1694645,"Mar 3, 21",-53.069999999999936,-0.0257
2033.93,2074.59,2005.43,2014.869,GOOGL,2460786,HISTORICAL_PRICES,GOOGL,,2021-03-04,1614909626000,0.0744082363568173,0.0744082363568173,2014.869,2033.93,2074.59,2005.43,2460786,2014.869,2033.93,2074.59,2005.43,2460786,"Mar 4, 21",22.519999999999982,0.0112
2097.07,2106.2,2027.7773,2061.15,GOOGL,2654977,HISTORICAL_PRICES,GOOGL,,2021-03-05,1614996975000,0.10776146682373089,0.10776146682373089,2061.15,2097.07,2106.2,2027.7773,2654977,2061.15,2097.07,2106.2,2027.7773,2654977,"Mar 5, 21",63.1400000000001,0.031
2007.5,2113.74,2005.19,2084.06,GOOGL,1843371,HISTORICAL_PRICES,GOOGL,,2021-03-08,1615256178000,0.060446787493330975,0.060446787493330975,2084.06,2007.5,2113.74,2005.19,1843371,2084.06,2007.5,2113.74,2005.19,1843371,"Mar 8, 21",-89.57000000000016,-0.0427
2040.36,2063.9153,2035.6,2049.75,GOOGL,1696031,HISTORICAL_PRICES,GOOGL,,2021-03-09,1615340899000,0.07780483553170246,0.07780483553170246,2049.75,2040.36,2063.9153,2035.6,1696031,2049.75,2040.36,2063.9153,2035.6,1696031,"Mar 9, 21",32.8599999999999,0.0164
2036.19,2061.4,2019.33,2061.4,GOOGL,1355004,HISTORICAL_PRICES,GOOGL,,2021-03-10,1615427292000,0.07560206437162922,0.07560206437162922,2061.4,2036.19,2061.4,2019.33,1355004,2061.4,2036.19,2061.4,2019.33,1355004,"Mar 10, 21",-4.169999999999845,-0.002
2100.54,2111.27,2056.45,2058.22,GOOGL,1385130,HISTORICAL_PRICES,GOOGL,,2021-03-11,1615514418000,0.10959446824470306,0.10959446824470306,2058.22,2100.54,2111.27,2056.45,1385130,2058.22,2100.54,2111.27,2056.45,1385130,"Mar 11, 21",64.34999999999991,0.0316
2050,2077.61,2032.42,2076.41,GOOGL,1690899,HISTORICAL_PRICES,GOOGL,,2021-03-12,1615601777000,0.08289709308160821,0.08289709308160821,2076.41,2050,2077.61,2032.42,1690899,2076.41,2050,2077.61,2032.42,1690899,"Mar 12, 21",-50.539999999999964,-0.0241
2054.44,2054.99,2027.79,2044.975,GOOGL,1310741,HISTORICAL_PRICES,GOOGL,,2021-03-15,1615859298000,0.08524248971247768,0.08524248971247768,2044.975,2054.44,2054.99,2027.79,1310741,2044.975,2054.44,2054.99,2027.79,1310741,"Mar 15, 21",4.440000000000055,0.0022
2083.89,2113.68,2059.29,2065.99,GOOGL,1595015,HISTORICAL_PRICES,GOOGL,,2021-03-16,1615943780000,0.10079923087894264,0.10079923087894264,2065.99,2083.89,2113.68,2059.29,1595015,2065.99,2083.89,2113.68,2059.29,1595015,"Mar 16, 21",29.449999999999818,0.0143
2082.22,2099,2044.1218,2068.47,GOOGL,1319126,HISTORICAL_PRICES,GOOGL,,2021-03-17,1616032976000,0.09991706592994441,0.09991706592994441,2068.47,2082.22,2099,2044.1218,1319126,2068.47,2082.22,2099,2044.1218,1319126,"Mar 17, 21",-1.6700000000000728,-0.0008
2021.34,2068.746,2019.18,2048.18,GOOGL,1585648,HISTORICAL_PRICES,GOOGL,,2021-03-18,1616115650000,0.06775766347784286,0.06775766347784286,2048.18,2021.34,2068.746,2019.18,1585648,2048.18,2021.34,2068.746,2019.18,1585648,"Mar 18, 21",-60.87999999999988,-0.0292
2026.96,2037.04,2002.93,2029.73,GOOGL,2303596,HISTORICAL_PRICES,GOOGL,,2021-03-19,1616202976000,0.07072638624033982,0.07072638624033982,2029.73,2026.96,2037.04,2002.93,2303596,2029.73,2026.96,2037.04,2002.93,2303596,"Mar 19, 21",5.620000000000118,0.0028
2030.69,2048.34,2014,2027.63,GOOGL,1676771,HISTORICAL_PRICES,GOOGL,,2021-03-22,1616460500000,0.07269673070726393,0.07269673070726393,2027.63,2030.69,2048.34,2014,1676771,2027.63,2030.69,2048.34,2014,1676771,"Mar 22, 21",3.730000000000018,0.0018
2041.33,2064.11,2028.0001,2039.95,GOOGL,1425456,HISTORICAL_PRICES,GOOGL,,2021-03-23,1616547627000,0.07831723074159962,0.07831723074159962,2039.95,2041.33,2064.11,2028.0001,1425456,2039.95,2041.33,2064.11,2028.0001,1425456,"Mar 23, 21",10.639999999999873,0.0052
2032.53,2067.6,2029.0001,2051.76,GOOGL,1260853,HISTORICAL_PRICES,GOOGL,,2021-03-24,1616633298000,0.07366869687861519,0.07366869687861519,2051.76,2032.53,2067.6,2029.0001,1260853,2051.76,2032.53,2067.6,2029.0001,1260853,"Mar 24, 21",-8.799999999999955,-0.0043
2032.46,2045.64,1996.09,2029.05,GOOGL,1780787,HISTORICAL_PRICES,GOOGL,,2021-03-25,1616719693000,0.07363171990470511,0.07363171990470511,2029.05,2032.46,2045.64,1996.09,1780787,2029.05,2032.46,2045.64,1996.09,1780787,"Mar 25, 21",-0.06999999999993634,0
2024.73,2039.385,2003.85,2031.79,GOOGL,1398875,HISTORICAL_PRICES,GOOGL,,2021-03-26,1616807779000,0.06954840550006079,0.06954840550006079,2031.79,2024.73,2039.385,2003.85,1398875,2031.79,2024.73,2039.385,2003.85,1398875,"Mar 26, 21",-7.730000000000018,-0.0038
2045.79,2049.21,2005.45,2022.16,GOOGL,1324631,HISTORICAL_PRICES,GOOGL,,2021-03-29,1617066013000,0.08067319222215767,0.08067319222215767,2022.16,2045.79,2049.21,2005.45,1324631,2022.16,2045.79,2049.21,2005.45,1324631,"Mar 29, 21",21.059999999999945,0.0104
2046.47,2062.67,2036.15,2052.98,GOOGL,1365856,HISTORICAL_PRICES,GOOGL,,2021-03-30,1617153372000,0.08103239711157015,0.08103239711157015,2052.98,2046.47,2062.67,2036.15,1365856,2052.98,2046.47,2062.67,2036.15,1365856,"Mar 30, 21",0.6800000000000637,0.0003
2062.52,2086.26,2047,2054.4,GOOGL,2128482,HISTORICAL_PRICES,GOOGL,,2021-03-31,1617238095000,0.08951068898667247,0.08951068898667247,2054.4,2062.52,2086.26,2047,2128482,2054.4,2062.52,2086.26,2047,2128482,"Mar 31, 21",16.049999999999955,0.0078
2129.78,2135.75,2091.43,2092.25,GOOGL,1994005,HISTORICAL_PRICES,GOOGL,,2021-04-01,1617324498000,0.12504027848943794,0.12504027848943794,2092.25,2129.78,2135.75,2091.43,1994005,2092.25,2129.78,2135.75,2091.43,1994005,"Apr 1, 21",67.26000000000022,0.0326
2218.96,2228.99,2145.205,2147.15,GOOGL,2425480,HISTORICAL_PRICES,GOOGL,,2021-04-05,1617670095000,0.17214894325090996,0.17214894325090996,2147.15,2218.96,2228.99,2145.205,2425480,2147.15,2218.96,2228.99,2145.205,2425480,"Apr 5, 21",89.17999999999984,0.0419
2209.26,2228,2201.79,2210.92,GOOGL,1762039,HISTORICAL_PRICES,GOOGL,,2021-04-06,1617757221000,0.16702499115193853,0.16702499115193853,2210.92,2209.26,2228,2201.79,1762039,2210.92,2209.26,2228,2201.79,1762039,"Apr 6, 21",-9.699999999999818,-0.0044
2239.03,2244.5,2213.1,2213.1,GOOGL,1206696,HISTORICAL_PRICES,GOOGL,,2021-04-07,1617842893000,0.1827507699134212,0.1827507699134212,2213.1,2239.03,2244.5,2213.1,1206696,2213.1,2239.03,2244.5,2213.1,1206696,"Apr 7, 21",29.769999999999982,0.0135
2250.43,2271.7899,2243.01,2264,GOOGL,1433214,HISTORICAL_PRICES,GOOGL,,2021-04-08,1617930081000,0.1887727342359236,0.1887727342359236,2264,2250.43,2271.7899,2243.01,1433214,2264,2250.43,2271.7899,2243.01,1433214,"Apr 8, 21",11.399999999999636,0.0051
2270.67,2273.97,2237.255,2245.44,GOOGL,1307265,HISTORICAL_PRICES,GOOGL,,2021-04-09,1618017378000,0.199464362120788,0.199464362120788,2245.44,2270.67,2273.97,2237.255,1307265,2245.44,2270.67,2273.97,2237.255,1307265,"Apr 9, 21",20.240000000000236,0.009
2244.62,2256.885,2227.82,2254.12,GOOGL,1251183,HISTORICAL_PRICES,GOOGL,,2021-04-12,1618275624000,0.18570364540138504,0.18570364540138504,2254.12,2244.62,2256.885,2227.82,1251183,2254.12,2244.62,2256.885,2227.82,1251183,"Apr 12, 21",-26.050000000000182,-0.0115
2254.43,2263.47,2243.05,2250.99,GOOGL,1284078,HISTORICAL_PRICES,GOOGL,,2021-04-13,1618361293000,0.1908857041736438,0.1908857041736438,2250.99,2254.43,2263.47,2243.05,1284078,2250.99,2254.43,2263.47,2243.05,1284078,"Apr 13, 21",9.809999999999945,0.0044
2241.91,2267.43,2236.015,2267.43,GOOGL,1050143,HISTORICAL_PRICES,GOOGL,,2021-04-14,1618447693000,0.18427210826857957,0.18427210826857957,2267.43,2241.91,2267.43,2236.015,1050143,2267.43,2241.91,2267.43,2236.015,1050143,"Apr 14, 21",-12.519999999999982,-0.0056
2285.25,2296,2251.17,2261.95,GOOGL,1458749,HISTORICAL_PRICES,GOOGL,,2021-04-15,1618534094000,0.20716613754377813,0.20716613754377813,2261.95,2285.25,2296,2251.17,1458749,2261.95,2285.25,2296,2251.17,1458749,"Apr 15, 21",43.340000000000146,0.0193
2282.75,2294.24,2270.92,2289.24,GOOGL,1314139,HISTORICAL_PRICES,GOOGL,,2021-04-16,1618622173000,0.205845531332703,0.205845531332703,2289.24,2282.75,2294.24,2270.92,1314139,2289.24,2282.75,2294.24,2270.92,1314139,"Apr 16, 21",-2.5,-0.0011
2289.76,2304.09,2270.18,2270.18,GOOGL,1514470,HISTORICAL_PRICES,GOOGL,,2021-04-19,1618880424000,0.2095485111485578,0.2095485111485578,2270.18,2289.76,2304.09,2270.18,1514470,2270.18,2289.76,2304.09,2270.18,1514470,"Apr 19, 21",7.010000000000218,0.0031
2279.01,2298.9999,2257.12,2297.49,GOOGL,1114416,HISTORICAL_PRICES,GOOGL,,2021-04-20,1618966838000,0.20386990444093472,0.20386990444093472,2297.49,2279.01,2298.9999,2257.12,1114416,2297.49,2279.01,2298.9999,2257.12,1114416,"Apr 20, 21",-10.75,-0.0047
2278.35,2280,2244.82,2272.05,GOOGL,1160209,HISTORICAL_PRICES,GOOGL,,2021-04-21,1619052498000,0.2035212644012107,0.2035212644012107,2272.05,2278.35,2280,2244.82,1160209,2272.05,2278.35,2280,2244.82,1160209,"Apr 21, 21",-0.6600000000003092,-0.0003
2252.52,2288.8814,2240.32,2275.4,GOOGL,1207276,HISTORICAL_PRICES,GOOGL,,2021-04-22,1619139623000,0.1898767610283825,0.1898767610283825,2275.4,2252.52,2288.8814,2240.32,1207276,2275.4,2252.52,2288.8814,2240.32,1207276,"Apr 22, 21",-25.829999999999927,-0.0113
2299.93,2306.1175,2261.25,2267,GOOGL,1455554,HISTORICAL_PRICES,GOOGL,,2021-04-23,1619226972000,0.21492073721521124,0.21492073721521124,2267,2299.93,2306.1175,2261.25,1455554,2267,2299.93,2306.1175,2261.25,1455554,"Apr 23, 21",47.409999999999854,0.021
2309.93,2324.53,2297.315,2304.52,GOOGL,1601892,HISTORICAL_PRICES,GOOGL,,2021-04-26,1619485215000,0.22020316205951176,0.22020316205951176,2304.52,2309.93,2324.53,2297.315,1601892,2304.52,2309.93,2324.53,2297.315,1601892,"Apr 26, 21",10,0.0043
2290.98,2318.45,2286.16,2317.6326,GOOGL,2219280,HISTORICAL_PRICES,GOOGL,,2021-04-27,1619570899000,0.21019296697956236,0.21019296697956236,2317.6326,2290.98,2318.45,2286.16,2219280,2317.6326,2290.98,2318.45,2286.16,2219280,"Apr 27, 21",-18.949999999999818,-0.0082
2359.04,2431.38,2353.22,2392.4954,GOOGL,4055340,HISTORICAL_PRICES,GOOGL,,2021-04-28,1619659939000,0.2461451504698717,0.2461451504698717,2392.4954,2359.04,2431.38,2353.22,4055340,2392.4954,2359.04,2431.38,2353.22,4055340,"Apr 28, 21",68.05999999999995,0.0297
2392.76,2404.16,2373.85,2389.23,GOOGL,2061654,HISTORICAL_PRICES,GOOGL,,2021-04-29,1619744411000,0.2639574870448532,0.2639574870448532,2389.23,2392.76,2404.16,2373.85,2061654,2389.23,2392.76,2404.16,2373.85,2061654,"Apr 29, 21",33.720000000000255,0.0143
2353.5,2381.85,2346.56,2368.02,GOOGL,2242838,HISTORICAL_PRICES,GOOGL,,2021-04-30,1619831773000,0.24321868710612923,0.24321868710612923,2368.02,2353.5,2381.85,2346.56,2242838,2368.02,2353.5,2381.85,2346.56,2242838,"Apr 30, 21",-39.26000000000022,-0.0164
2343.08,2381.55,2335.5,2364.91,GOOGL,1412139,HISTORICAL_PRICES,GOOGL,,2021-05-03,1620090018000,0.23771440041836805,0.23771440041836805,2364.91,2343.08,2381.55,2335.5,1412139,2364.91,2343.08,2381.55,2335.5,1412139,"May 3, 21",-10.420000000000073,-0.0044
2306.83,2324.9899,2256.68,2313.55,GOOGL,2240932,HISTORICAL_PRICES,GOOGL,,2021-05-04,1620175708000,0.21856561035777863,0.21856561035777863,2313.55,2306.83,2324.9899,2256.68,2240932,2313.55,2306.83,2324.9899,2256.68,2240932,"May 4, 21",-36.25,-0.0155
2314.77,2335,2308.28,2328.63,GOOGL,1331809,HISTORICAL_PRICES,GOOGL,,2021-05-05,1620262963000,0.2227598556841533,0.2227598556841533,2328.63,2314.77,2335,2308.28,1331809,2328.63,2314.77,2335,2308.28,1331809,"May 5, 21",7.940000000000055,0.0034
2337.35,2337.35,2293.0418,2306.33,GOOGL,1259523,HISTORICAL_PRICES,GOOGL,,2021-05-06,1620351144000,0.23468757098258383,0.23468757098258383,2306.33,2337.35,2337.35,2293.0418,1259523,2306.33,2337.35,2337.35,2293.0418,1259523,"May 6, 21",22.579999999999927,0.0098
2351.93,2371.25,2346.155,2363.89,GOOGL,1444862,HISTORICAL_PRICES,GOOGL,,2021-05-07,1620436575000,0.24238934640557397,0.24238934640557397,2363.89,2351.93,2371.25,2346.155,1444862,2363.89,2351.93,2371.25,2346.155,1444862,"May 7, 21",14.579999999999927,0.0062
2291.75,2331,2284.54,2328.14,GOOGL,1545729,HISTORICAL_PRICES,GOOGL,,2021-05-10,1620694096000,0.2105997136925735,0.2105997136925735,2328.14,2291.75,2331,2284.54,1545729,2328.14,2291.75,2331,2284.54,1545729,"May 10, 21",-60.179999999999836,-0.0256
2270.06,2280.28,2233.92,2243.07,GOOGL,1709292,HISTORICAL_PRICES,GOOGL,,2021-05-11,1620781288000,0.1991421342052856,0.1991421342052856,2243.07,2270.06,2280.28,2233.92,1709292,2243.07,2270.06,2280.28,2233.92,1709292,"May 11, 21",-21.690000000000055,-0.0095
2200.25,2247.98,2193.62,2226.19,GOOGL,2318774,HISTORICAL_PRICES,GOOGL,,2021-05-12,1620867616000,0.16226552636722366,0.16226552636722366,2226.19,2200.25,2247.98,2193.62,2318774,2226.19,2200.25,2247.98,2193.62,2318774,"May 12, 21",-69.80999999999995,-0.0308
2229.04,2239.4375,2206.72,2226.12,GOOGL,1661020,HISTORICAL_PRICES,GOOGL,,2021-05-13,1620953300000,0.17747362749396484,0.17747362749396484,2226.12,2229.04,2239.4375,2206.72,1661020,2226.12,2229.04,2239.4375,2206.72,1661020,"May 13, 21",28.789999999999964,0.0131
2278.38,2284.72,2250,2258.54,GOOGL,1599829,HISTORICAL_PRICES,GOOGL,,2021-05-14,1621041373000,0.20353711167574373,0.20353711167574373,2258.54,2278.38,2284.72,2250,1599829,2258.54,2278.38,2284.72,2250,1599829,"May 14, 21",49.340000000000146,0.0221
2288.92,2289.78,2255.5101,2263.57,GOOGL,1079869,HISTORICAL_PRICES,GOOGL,,2021-05-17,1621299625000,0.20910478746163647,0.20910478746163647,2263.57,2288.92,2289.78,2255.5101,1079869,2263.57,2288.92,2289.78,2255.5101,1079869,"May 17, 21",10.539999999999964,0.0046
2262.47,2307.6818,2262.19,2302.35,GOOGL,1110185,HISTORICAL_PRICES,GOOGL,,2021-05-18,1621385301000,0.19513277374846144,0.19513277374846144,2302.35,2262.47,2307.6818,2262.19,1110185,2302.35,2262.47,2307.6818,2262.19,1110185,"May 18, 21",-26.450000000000273,-0.0116
2271.5,2274.99,2225.44,2228.43,GOOGL,1184205,HISTORICAL_PRICES,GOOGL,,2021-05-19,1621471702000,0.19990280338286492,0.19990280338286492,2228.43,2271.5,2274.99,2225.44,1184205,2228.43,2271.5,2274.99,2225.44,1184205,"May 19, 21",9.0300000000002,0.004
2306.95,2312,2283.52,2291,GOOGL,1617550,HISTORICAL_PRICES,GOOGL,,2021-05-20,1621558093000,0.2186289994559102,0.2186289994559102,2291,2306.95,2312,2283.52,1617550,2291,2306.95,2312,2283.52,1617550,"May 20, 21",35.44999999999982,0.0156
2294.13,2318.89,2289.3,2317.41,GOOGL,2031590,HISTORICAL_PRICES,GOOGL,,2021-05-21,1621646181000,0.21185693080551707,0.21185693080551707,2317.41,2294.13,2318.89,2289.3,2031590,2317.41,2294.13,2318.89,2289.3,2031590,"May 21, 21",-12.819999999999709,-0.0056
2361.04,2365.55,2311.955,2314.89,GOOGL,1591610,HISTORICAL_PRICES,GOOGL,,2021-05-24,1621904411000,0.24720163543873183,0.24720163543873183,2314.89,2361.04,2365.55,2311.955,1591610,2314.89,2361.04,2365.55,2311.955,1591610,"May 24, 21",66.90999999999985,0.0292
2362.87,2384,2355,2372,GOOGL,1121982,HISTORICAL_PRICES,GOOGL,,2021-05-25,1621990837000,0.24816831918523877,0.24816831918523877,2372,2362.87,2384,2355,1121982,2372,2362.87,2384,2355,1121982,"May 25, 21",1.8299999999999272,0.0008
2380.31,2388.99,2366.4625,2366.52,GOOGL,1078598,HISTORICAL_PRICES,GOOGL,,2021-05-26,1622077249000,0.2573808681136989,0.2573808681136989,2366.52,2380.31,2388.99,2366.4625,1078598,2366.52,2380.31,2388.99,2366.4625,1078598,"May 26, 21",17.440000000000055,0.0074
2362.68,2389.05,2356.26,2389.05,GOOGL,1761201,HISTORICAL_PRICES,GOOGL,,2021-05-27,1622163613000,0.24806795311319704,0.24806795311319704,2389.05,2362.68,2389.05,2356.26,1761201,2389.05,2362.68,2389.05,2356.26,1761201,"May 27, 21",-17.63000000000011,-0.0074
2356.85,2376.07,2352.85,2374.42,GOOGL,1074540,HISTORICAL_PRICES,GOOGL,,2021-05-28,1622250975000,0.24498829942896988,0.24498829942896988,2374.42,2356.85,2376.07,2352.85,1074540,2374.42,2356.85,2376.07,2352.85,1074540,"May 28, 21",-5.829999999999927,-0.0025
2381.18,2385.71,2354.28,2374.44,GOOGL,1167901,HISTORICAL_PRICES,GOOGL,,2021-06-01,1622595624000,0.257840439075153,0.257840439075153,2374.44,2381.18,2385.71,2354.28,1167901,2374.44,2381.18,2385.71,2354.28,1167901,"Jun 1, 21",24.329999999999927,0.0103
2370.59,2393.64,2352.355,2389.15,GOOGL,1058146,HISTORICAL_PRICES,GOOGL,,2021-06-02,1622682125000,0.2522463511650389,0.2522463511650389,2389.15,2370.59,2393.64,2352.355,1058146,2389.15,2370.59,2393.64,2352.355,1058146,"Jun 2, 21",-10.58999999999969,-0.0044
2347.58,2357.015,2329.52,2345.73,GOOGL,934796,HISTORICAL_PRICES,GOOGL,,2021-06-03,1622768414000,0.24009149159830329,0.24009149159830329,2345.73,2347.58,2357.015,2329.52,934796,2345.73,2347.58,2357.015,2329.52,934796,"Jun 3, 21",-23.01000000000022,-0.0097
2393.57,2399.03,2362.41,2369.27,GOOGL,1222910,HISTORICAL_PRICES,GOOGL,,2021-06-04,1622855784000,0.26438536345724156,0.26438536345724156,2369.27,2393.57,2399.03,2362.41,1222910,2369.27,2393.57,2399.03,2362.41,1222910,"Jun 4, 21",45.99000000000024,0.0196
2402.3,2404.5099,2381,2389.436,GOOGL,1205966,HISTORICAL_PRICES,GOOGL,,2021-06-07,1623114018000,0.2689969203463159,0.2689969203463159,2389.436,2402.3,2404.5099,2381,1205966,2389.436,2402.3,2404.5099,2381,1205966,"Jun 7, 21",8.730000000000018,0.0036
2398.44,2419.5202,2394.78,2412.01,GOOGL,1211992,HISTORICAL_PRICES,GOOGL,,2021-06-08,1623200419000,0.26695790435641586,0.26695790435641586,2412.01,2398.44,2419.5202,2394.78,1211992,2412.01,2398.44,2419.5202,2394.78,1211992,"Jun 8, 21",-3.8600000000001273,-0.0016
2407.94,2412.88,2396.9,2411.43,GOOGL,897052,HISTORICAL_PRICES,GOOGL,,2021-06-09,1623288741000,0.27197620795850136,0.27197620795850136,2411.43,2407.94,2412.88,2396.9,897052,2411.43,2407.94,2412.88,2396.9,897052,"Jun 9, 21",9.5,0.004
2435.13,2436,2403.78,2406.92,GOOGL,1295375,HISTORICAL_PRICES,GOOGL,,2021-06-10,1623373360000,0.2863391211101545,0.2863391211101545,2406.92,2435.13,2436,2403.78,1295375,2406.92,2435.13,2436,2403.78,1295375,"Jun 10, 21",27.190000000000055,0.0113
2430.2,2441.72,2418.96,2440,GOOGL,1097907,HISTORICAL_PRICES,GOOGL,,2021-06-11,1623460581000,0.2837348856619142,0.2837348856619142,2440,2430.2,2441.72,2418.96,1097907,2440,2430.2,2441.72,2418.96,1097907,"Jun 11, 21",-4.930000000000291,-0.002
2448.91,2448.92,2418,2432.26,GOOGL,1104878,HISTORICAL_PRICES,GOOGL,,2021-06-14,1623718847000,0.2936183025456005,0.2936183025456005,2432.26,2448.91,2448.92,2418,1104878,2432.26,2448.91,2448.92,2418,1104878,"Jun 14, 21",18.710000000000036,0.0077
2428.39,2455.51,2421.12,2449,GOOGL,1078107,HISTORICAL_PRICES,GOOGL,,2021-06-15,1623804501000,0.28277876676509583,0.28277876676509583,2449,2428.39,2455.51,2421.12,1078107,2449,2428.39,2455.51,2421.12,1078107,"Jun 15, 21",-20.519999999999982,-0.0084
2415.45,2437.72,2389.4,2431.44,GOOGL,1323593,HISTORICAL_PRICES,GOOGL,,2021-06-16,1623897137000,0.27594330901657094,0.27594330901657094,2431.44,2415.45,2437.72,2389.4,1323593,2431.44,2415.45,2437.72,2389.4,1323593,"Jun 16, 21",-12.940000000000055,-0.0053
2434.87,2450.45,2410,2413.95,GOOGL,1292444,HISTORICAL_PRICES,GOOGL,,2021-06-17,1623978203000,0.28620177806420255,0.28620177806420255,2413.95,2434.87,2450.45,2410,1292444,2413.95,2434.87,2450.45,2410,1292444,"Jun 17, 21",19.420000000000073,0.008
2402.22,2432.06,2400.3,2427.34,GOOGL,2305760,HISTORICAL_PRICES,GOOGL,,2021-06-18,1624065382000,0.2689546609475613,0.2689546609475613,2427.34,2402.22,2432.06,2400.3,2305760,2427.34,2402.22,2432.06,2400.3,2305760,"Jun 18, 21",-32.65000000000009,-0.0134
2436.25,2440,2397.97,2410.01,GOOGL,1370683,HISTORICAL_PRICES,GOOGL,,2021-06-21,1624323768000,0.2869307526927161,0.2869307526927161,2410.01,2436.25,2440,2397.97,1370683,2410.01,2436.25,2440,2397.97,1370683,"Jun 21, 21",34.0300000000002,0.0142
2446.61,2448,2421.28,2435,GOOGL,1119510,HISTORICAL_PRICES,GOOGL,,2021-06-22,1624410068000,0.2924033448314115,0.2924033448314115,2435,2446.61,2448,2421.28,1119510,2435,2446.61,2448,2421.28,1119510,"Jun 22, 21",10.360000000000127,0.0043
2442.54,2461.91,2436.69,2441.87,GOOGL,957708,HISTORICAL_PRICES,GOOGL,,2021-06-23,1624496431000,0.2902533979197811,0.2902533979197811,2441.87,2442.54,2461.91,2436.69,957708,2441.87,2442.54,2461.91,2436.69,957708,"Jun 23, 21",-4.070000000000164,-0.0017
2450,2461.1107,2446,2454,GOOGL,1068257,HISTORICAL_PRICES,GOOGL,,2021-06-24,1624583774000,0.29419408685362936,0.29419408685362936,2454,2450,2461.1107,2446,1068257,2454,2450,2461.1107,2446,1068257,"Jun 24, 21",7.460000000000036,0.0031
2450.17,2452.66,2431.305,2440,GOOGL,1729819,HISTORICAL_PRICES,GOOGL,,2021-06-25,1624670445000,0.2942838880759825,0.2942838880759825,2440,2450.17,2452.66,2431.305,1729819,2440,2450.17,2452.66,2431.305,1729819,"Jun 25, 21",0.17000000000007276,0.0001
2450.72,2455.695,2428.1101,2453.57,GOOGL,1426271,HISTORICAL_PRICES,GOOGL,,2021-06-28,1624928566000,0.29457442144241885,0.29457442144241885,2453.57,2450.72,2455.695,2428.1101,1426271,2453.57,2450.72,2455.695,2428.1101,1426271,"Jun 28, 21",0.5499999999997272,0.0002
2445.45,2460.415,2433.815,2453.4071,GOOGL,1155436,HISTORICAL_PRICES,GOOGL,,2021-06-29,1625015134000,0.2917905835494725,0.2917905835494725,2453.4071,2445.45,2460.415,2433.815,1155436,2453.4071,2445.45,2460.415,2433.815,1155436,"Jun 29, 21",-5.269999999999982,-0.0022
2441.79,2445.14,2427.09,2439.89,GOOGL,1223699,HISTORICAL_PRICES,GOOGL,,2021-06-30,1625101395000,0.2898572160564586,0.2898572160564586,2439.89,2441.79,2445.14,2427.09,1223699,2439.89,2441.79,2445.14,2427.09,1223699,"Jun 30, 21",-3.6599999999998545,-0.0015
2448.89,2451.74,2430.63,2434.5,GOOGL,905641,HISTORICAL_PRICES,GOOGL,,2021-07-01,1625188873000,0.2936077376959119,0.2936077376959119,2434.5,2448.89,2451.74,2430.63,905641,2434.5,2448.89,2451.74,2430.63,905641,"Jul 1, 21",7.099999999999909,0.0029
2505.15,2508.08,2461.19,2463,GOOGL,1300109,HISTORICAL_PRICES,GOOGL,,2021-07-02,1625275406000,0.3233266598699468,0.3233266598699468,2463,2505.15,2508.08,2461.19,1300109,2463,2505.15,2508.08,2461.19,1300109,"Jul 2, 21",56.26000000000022,0.023
2523.8,2528.56,2491.6501,2512.97,GOOGL,1320179,HISTORICAL_PRICES,GOOGL,,2021-07-06,1625620830000,0.3331783822045673,0.3331783822045673,2512.97,2523.8,2528.56,2491.6501,1320179,2512.97,2523.8,2528.56,2491.6501,1320179,"Jul 6, 21",18.65000000000009,0.0074
2529.48,2545.68,2523.06,2543.24,GOOGL,1202951,HISTORICAL_PRICES,GOOGL,,2021-07-07,1625758673000,0.33617879951612994,0.33617879951612994,2543.24,2529.48,2545.68,2523.06,1202951,2543.24,2529.48,2545.68,2523.06,1202951,"Jul 7, 21",5.679999999999836,0.0023
2500.88,2511.91,2480.44,2480.52,GOOGL,1189467,HISTORICAL_PRICES,GOOGL,,2021-07-08,1625832989000,0.32107106446143047,0.32107106446143047,2480.52,2500.88,2511.91,2480.44,1189467,2480.52,2500.88,2511.91,2480.44,1189467,"Jul 8, 21",-28.59999999999991,-0.0113
2510.37,2514.69,2491.025,2500.5,GOOGL,931584,HISTORICAL_PRICES,GOOGL,,2021-07-09,1625880012000,0.3260840856386716,0.3260840856386716,2500.5,2510.37,2514.69,2491.025,931584,2500.5,2510.37,2514.69,2491.025,931584,"Jul 9, 21",9.489999999999782,0.0038
2539.51,2541.3888,2512.215,2523.56,GOOGL,883389,HISTORICAL_PRICES,GOOGL,,2021-07-12,1626138200000,0.3414770716349635,0.3414770716349635,2523.56,2539.51,2541.3888,2512.215,883389,2523.56,2539.51,2541.3888,2512.215,883389,"Jul 12, 21",29.140000000000327,0.0116
2546.83,2561.15,2533.49,2540.77,GOOGL,962347,HISTORICAL_PRICES,GOOGL,,2021-07-13,1626223909000,0.3453438066209913,0.3453438066209913,2540.77,2546.83,2561.15,2533.49,962347,2540.77,2546.83,2561.15,2533.49,962347,"Jul 13, 21",7.319999999999709,0.0029
2564.74,2586.5266,2558.2892,2559.16,GOOGL,1187283,HISTORICAL_PRICES,GOOGL,,2021-07-14,1626311170000,0.3548046295171335,0.3548046295171335,2559.16,2564.74,2586.5266,2558.2892,1187283,2559.16,2564.74,2586.5266,2558.2892,1187283,"Jul 14, 21",17.909999999999854,0.007
2540.1,2574,2530.6,2572.98,GOOGL,1210940,HISTORICAL_PRICES,GOOGL,,2021-07-15,1626398474000,0.34178873470077703,0.34178873470077703,2572.98,2540.1,2574,2530.6,1210940,2572.98,2540.1,2574,2530.6,1210940,"Jul 15, 21",-24.639999999999873,-0.0096
2539.4,2556.23,2523.07,2553.26,GOOGL,1021227,HISTORICAL_PRICES,GOOGL,,2021-07-16,1626484730000,0.3414189649616761,0.3414189649616761,2553.26,2539.4,2556.23,2523.07,1021227,2553.26,2539.4,2556.23,2523.07,1021227,"Jul 16, 21",-0.6999999999998181,-0.0003
2491.56,2524.1,2470.1,2521.79,GOOGL,1398379,HISTORICAL_PRICES,GOOGL,,2021-07-19,1626744046000,0.3161478445065423,0.3161478445065423,2521.79,2491.56,2524.1,2470.1,1398379,2521.79,2491.56,2524.1,2470.1,1398379,"Jul 19, 21",-47.840000000000146,-0.0188
2524.19,2540.8636,2487.01,2510.55,GOOGL,1315822,HISTORICAL_PRICES,GOOGL,,2021-07-20,1626829438000,0.33338439677349496,0.33338439677349496,2510.55,2524.19,2540.8636,2487.01,1315822,2510.55,2524.19,2540.8636,2487.01,1315822,"Jul 20, 21",32.63000000000011,0.0131
2550.98,2551.92,2520.47,2522.67,GOOGL,1037309,HISTORICAL_PRICES,GOOGL,,2021-07-21,1626915843000,0.3475360129313761,0.3475360129313761,2522.67,2550.98,2551.92,2520.47,1037309,2522.67,2550.98,2551.92,2520.47,1037309,"Jul 21, 21",26.789999999999964,0.0106
2568.43,2569.66,2549.9769,2556.88,GOOGL,715094,HISTORICAL_PRICES,GOOGL,,2021-07-22,1627001466000,0.3567538442846804,0.3567538442846804,2556.88,2568.43,2569.66,2549.9769,715094,2556.88,2568.43,2569.66,2549.9769,715094,"Jul 22, 21",17.449999999999818,0.0068
2660.3,2667.9799,2596.01,2608.61,GOOGL,2075321,HISTORICAL_PRICES,GOOGL,,2021-07-23,1627089706000,0.40528348132926956,0.40528348132926956,2608.61,2660.3,2667.9799,2596.01,2075321,2608.61,2660.3,2667.9799,2596.01,2075321,"Jul 23, 21",91.87000000000035,0.0358
2680.7,2684.74,2646.03,2666.565,GOOGL,1528574,HISTORICAL_PRICES,GOOGL,,2021-07-26,1627346912000,0.4160596280116424,0.4160596280116424,2666.565,2680.7,2684.74,2646.03,1528574,2666.565,2680.7,2684.74,2646.03,1528574,"Jul 26, 21",20.399999999999636,0.0077
2638,2687.98,2602.08,2685.01,GOOGL,2735474,HISTORICAL_PRICES,GOOGL,,2021-07-27,1627434109000,0.3935036739264793,0.3935036739264793,2685.01,2638,2687.98,2602.08,2735474,2685.01,2638,2687.98,2602.08,2735474,"Jul 27, 21",-42.69999999999982,-0.0159
2721.88,2765.94,2705.55,2726.239,GOOGL,4756530,HISTORICAL_PRICES,GOOGL,,2021-07-28,1627520414000,0.43781265352047216,0.43781265352047216,2726.239,2721.88,2765.94,2705.55,4756530,2726.239,2721.88,2765.94,2705.55,4756530,"Jul 28, 21",83.88000000000011,0.0318
2715.55,2733.2203,2710.86,2723,GOOGL,1585786,HISTORICAL_PRICES,GOOGL,,2021-07-29,1627607783000,0.43446887859402994,0.43446887859402994,2723,2715.55,2733.2203,2710.86,1585786,2723,2715.55,2733.2203,2710.86,1585786,"Jul 29, 21",-6.329999999999927,-0.0023
2694.53,2706.09,2685.1,2700.7,GOOGL,1278789,HISTORICAL_PRICES,GOOGL,,2021-07-30,1627708617000,0.42336522157131024,0.42336522157131024,2700.7,2694.53,2706.09,2685.1,1278789,2700.7,2694.53,2706.09,2685.1,1278789,"Jul 30, 21",-21.019999999999982,-0.0077
2697.09,2706.73,2675.8828,2702.34,GOOGL,1081710,HISTORICAL_PRICES,GOOGL,,2021-08-02,1627951701000,0.42471752233145116,0.42471752233145116,2702.34,2697.09,2706.73,2675.8828,1081710,2702.34,2697.09,2706.73,2675.8828,1081710,"Aug 2, 21",2.5599999999999454,0.001
2712.6,2714.64,2666.39,2702.7,GOOGL,1038094,HISTORICAL_PRICES,GOOGL,,2021-08-03,1628039823000,0.43291056326496113,0.43291056326496113,2702.7,2712.6,2714.64,2666.39,1038094,2702.7,2712.6,2714.64,2666.39,1038094,"Aug 3, 21",15.509999999999764,0.0058
2702.51,2712.99,2689.74,2706.99,GOOGL,983801,HISTORICAL_PRICES,GOOGL,,2021-08-04,1628125354000,0.4275805965970621,0.4275805965970621,2706.99,2702.51,2712.99,2689.74,983801,2706.99,2702.51,2712.99,2689.74,983801,"Aug 4, 21",-10.08999999999969,-0.0037
2725.03,2727,2696.92,2713.61,GOOGL,893450,HISTORICAL_PRICES,GOOGL,,2021-08-05,1628211654000,0.43947661734642685,0.43947661734642685,2713.61,2725.03,2727,2696.92,893450,2713.61,2725.03,2727,2696.92,893450,"Aug 5, 21",22.519999999999982,0.0083
2714.77,2729.45,2704.2,2720.84,GOOGL,1024406,HISTORICAL_PRICES,GOOGL,,2021-08-06,1628298975000,0.4340568494561744,0.4340568494561744,2720.84,2714.77,2729.45,2704.2,1024406,2720.84,2714.77,2729.45,2704.2,1024406,"Aug 6, 21",-10.260000000000218,-0.0038
2738.26,2743.68,2706.785,2718.85,GOOGL,888300,HISTORICAL_PRICES,GOOGL,,2021-08-09,1628557226000,0.44646526541543646,0.44646526541543646,2718.85,2738.26,2743.68,2706.785,888300,2718.85,2738.26,2743.68,2706.785,888300,"Aug 9, 21",23.490000000000236,0.0087
2736.14,2755.4461,2727.29,2746.84,GOOGL,970704,HISTORICAL_PRICES,GOOGL,,2021-08-10,1628644600000,0.4453453913484446,0.4453453913484446,2746.84,2736.14,2755.4461,2727.29,970704,2746.84,2736.14,2755.4461,2727.29,970704,"Aug 10, 21",-2.1200000000003456,-0.0008
2725.58,2753.645,2725.43,2743.63,GOOGL,767600,HISTORICAL_PRICES,GOOGL,,2021-08-11,1628730201000,0.43976715071286326,0.43976715071286326,2743.63,2725.58,2753.645,2725.43,767600,2743.63,2725.58,2753.645,2725.43,767600,"Aug 11, 21",-10.559999999999945,-0.0039
2743.88,2746,2708.51,2719.51,GOOGL,825943,HISTORICAL_PRICES,GOOGL,,2021-08-12,1628816417000,0.4494339881779333,0.4494339881779333,2719.51,2743.88,2746,2708.51,825943,2719.51,2743.88,2746,2708.51,825943,"Aug 12, 21",18.300000000000182,0.0067
2754.55,2757.13,2740.66,2745,GOOGL,797372,HISTORICAL_PRICES,GOOGL,,2021-08-13,1629068493000,0.455070335486802,0.455070335486802,2745,2754.55,2757.13,2740.66,797372,2745,2754.55,2757.13,2740.66,797372,"Aug 13, 21",10.670000000000073,0.0039
2766.19,2767.25,2705.975,2750.4979,GOOGL,1119918,HISTORICAL_PRICES,GOOGL,,2021-08-16,1629162993000,0.4612190780055678,0.4612190780055678,2750.4979,2766.19,2767.25,2705.975,1119918,2750.4979,2766.19,2767.25,2705.975,1119918,"Aug 16, 21",11.639999999999873,0.0042
2733.23,2765.31,2721.64,2755,GOOGL,1085760,HISTORICAL_PRICES,GOOGL,,2021-08-17,1629250340000,0.4438082057187532,0.4438082057187532,2755,2733.23,2765.31,2721.64,1085760,2755,2733.23,2765.31,2721.64,1085760,"Aug 17, 21",-32.960000000000036,-0.0119
2708.98,2742.085,2706.43,2730,GOOGL,962947,HISTORICAL_PRICES,GOOGL,,2021-08-18,1629335036000,0.43099832547132444,0.43099832547132444,2730,2708.98,2742.085,2706.43,962947,2730,2708.98,2742.085,2706.43,962947,"Aug 18, 21",-24.25,-0.0089
2713.6,2727.05,2685,2688.71,GOOGL,1089127,HISTORICAL_PRICES,GOOGL,,2021-08-19,1629421428000,0.4334388057493912,0.4334388057493912,2688.71,2713.6,2727.05,2685,1089127,2688.71,2713.6,2727.05,2685,1089127,"Aug 19, 21",4.619999999999891,0.0017
2748.59,2751.08,2705,2720,GOOGL,1559658,HISTORICAL_PRICES,GOOGL,,2021-08-20,1629508580000,0.4519220102795989,0.4519220102795989,2720,2748.59,2751.08,2705,1559658,2720,2748.59,2751.08,2705,1559658,"Aug 20, 21",34.99000000000024,0.0129
2800.83,2817.49,2752.15,2759.39,GOOGL,1422670,HISTORICAL_PRICES,GOOGL,,2021-08-23,1629768740000,0.4795173976662247,0.4795173976662247,2759.39,2800.83,2817.49,2752.15,1422670,2759.39,2800.83,2817.49,2752.15,1422670,"Aug 23, 21",52.23999999999978,0.019
2825.23,2841.6,2806.77,2812.23,GOOGL,963361,HISTORICAL_PRICES,GOOGL,,2021-08-24,1629853222000,0.49240651428631804,0.49240651428631804,2812.23,2825.23,2841.6,2806.77,963361,2812.23,2825.23,2841.6,2806.77,963361,"Aug 24, 21",24.40000000000009,0.0087
2841.58,2843.7897,2827.52,2832.5,GOOGL,792574,HISTORICAL_PRICES,GOOGL,,2021-08-25,1629940585000,0.5010432789067494,0.5010432789067494,2832.5,2841.58,2843.7897,2827.52,792574,2832.5,2841.58,2843.7897,2827.52,792574,"Aug 25, 21",16.34999999999991,0.0058
2828.81,2848.35,2827.14,2835,GOOGL,1030466,HISTORICAL_PRICES,GOOGL,,2021-08-26,1630026204000,0.4942976223805776,0.4942976223805776,2835,2828.81,2848.35,2827.14,1030466,2835,2828.81,2848.35,2827.14,1030466,"Aug 26, 21",-12.769999999999982,-0.0045
2880.08,2890.25,2829.94,2833.05,GOOGL,1439010,HISTORICAL_PRICES,GOOGL,,2021-08-27,1630113630000,0.5213806145573064,0.5213806145573064,2833.05,2880.08,2890.25,2829.94,1439010,2833.05,2880.08,2890.25,2829.94,1439010,"Aug 27, 21",51.26999999999998,0.0181
2891.81,2919.41,2883.26,2888,GOOGL,1221710,HISTORICAL_PRICES,GOOGL,,2021-08-30,1630371777000,0.527576898899671,0.527576898899671,2888,2891.81,2919.41,2883.26,1221710,2888,2891.81,2919.41,2883.26,1221710,"Aug 30, 21",11.730000000000018,0.0041
2893.95,2903.425,2885.62,2902.94,GOOGL,1122438,HISTORICAL_PRICES,GOOGL,,2021-08-31,1630457553000,0.5287073378163512,0.5287073378163512,2902.94,2893.95,2903.425,2885.62,1122438,2902.94,2893.95,2903.425,2885.62,1122438,"Aug 31, 21",2.1399999999998727,0.0007
2904.31,2925.075,2897.67,2900,GOOGL,1096805,HISTORICAL_PRICES,GOOGL,,2021-09-01,1630543959000,0.5341799299550466,0.5341799299550466,2900,2904.31,2925.075,2897.67,1096805,2900,2904.31,2925.075,2897.67,1096805,"Sep 1, 21",10.360000000000127,0.0036
2865.74,2910.385,2863.695,2904.32,GOOGL,1617907,HISTORICAL_PRICES,GOOGL,,2021-09-02,1630630330000,0.5138056173305794,0.5138056173305794,2904.32,2865.74,2910.385,2863.695,1617907,2904.32,2865.74,2910.385,2863.695,1617907,"Sep 2, 21",-38.570000000000164,-0.0133
2874.79,2883.1,2848.01,2861.61,GOOGL,992718,HISTORICAL_PRICES,GOOGL,,2021-09-03,1630718459000,0.5185862118146715,0.5185862118146715,2861.61,2874.79,2883.1,2848.01,992718,2861.61,2874.79,2883.1,2848.01,992718,"Sep 3, 21",9.050000000000182,0.0032
2885.61,2891.3,2872.38,2876.69,GOOGL,1006595,HISTORICAL_PRICES,GOOGL,,2021-09-07,1631063532000,0.5243017954962047,0.5243017954962047,2876.69,2885.61,2891.3,2872.38,1006595,2876.69,2885.61,2891.3,2872.38,1006595,"Sep 7, 21",10.820000000000164,0.0038
2873.82,2888,2860,2882,GOOGL,917511,HISTORICAL_PRICES,GOOGL,,2021-09-08,1631148666000,0.5180738166047744,0.5180738166047744,2882,2873.82,2888,2860,917511,2882,2873.82,2888,2860,917511,"Sep 8, 21",-11.789999999999964,-0.0041
2870.82,2886.21,2863.55,2876.81,GOOGL,765855,HISTORICAL_PRICES,GOOGL,,2021-09-09,1631235092000,0.5164890891514843,0.5164890891514843,2876.81,2870.82,2886.21,2863.55,765855,2876.81,2870.82,2886.21,2863.55,765855,"Sep 9, 21",-3,-0.001
2817.52,2894.37,2814.755,2884.25,GOOGL,1841967,HISTORICAL_PRICES,GOOGL,,2021-09-10,1631323204000,0.4883337647313623,0.4883337647313623,2884.25,2817.52,2894.37,2814.755,1841967,2884.25,2817.52,2894.37,2814.755,1841967,"Sep 10, 21",-53.30000000000018,-0.0186
2846.65,2859,2825,2838.99,GOOGL,1104692,HISTORICAL_PRICES,GOOGL,,2021-09-13,1631580702000,0.5037214683028098,0.5037214683028098,2838.99,2846.65,2859,2825,1104692,2838.99,2846.65,2859,2825,1104692,"Sep 13, 21",29.13000000000011,0.0103
2850.89,2867.26,2835,2859.905,GOOGL,983693,HISTORICAL_PRICES,GOOGL,,2021-09-14,1631668637000,0.5059612164367931,0.5059612164367931,2859.905,2850.89,2867.26,2835,983693,2859.905,2850.89,2867.26,2835,983693,"Sep 14, 21",4.239999999999782,0.0015
2888.59,2889.01,2826.95,2855.43,GOOGL,1370379,HISTORICAL_PRICES,GOOGL,,2021-09-15,1631753564000,0.5258759580998063,0.5258759580998063,2855.43,2888.59,2889.01,2826.95,1370379,2855.43,2888.59,2889.01,2826.95,1370379,"Sep 15, 21",37.70000000000027,0.0132
2872.2,2886,2848.03,2879.01,GOOGL,1309771,HISTORICAL_PRICES,GOOGL,,2021-09-16,1631839870000,0.5172180637799976,0.5172180637799976,2879.01,2872.2,2886,2848.03,1309771,2879.01,2872.2,2886,2848.03,1309771,"Sep 16, 21",-16.390000000000327,-0.0057
2816,2869,2809.395,2860.61,GOOGL,2669223,HISTORICAL_PRICES,GOOGL,,2021-09-17,1631931639000,0.4875308361550287,0.4875308361550287,2860.61,2816,2869,2809.395,2669223,2860.61,2816,2869,2809.395,2669223,"Sep 17, 21",-56.19999999999982,-0.0196
2774.39,2780,2726.435,2763.23,GOOGL,2325902,HISTORICAL_PRICES,GOOGL,,2021-09-20,1632185493000,0.4655506663778941,0.4655506663778941,2763.23,2774.39,2780,2726.435,2325902,2763.23,2774.39,2780,2726.435,2325902,"Sep 20, 21",-41.61000000000013,-0.0148
2780.66,2800.23,2765.56,2794.99,GOOGL,1266595,HISTORICAL_PRICES,GOOGL,,2021-09-21,1632275463000,0.4688627467552705,0.4688627467552705,2794.99,2780.66,2800.23,2765.56,1266595,2794.99,2780.66,2800.23,2765.56,1266595,"Sep 21, 21",6.269999999999982,0.0023
2805.67,2817.74,2771.03,2786.08,GOOGL,1252778,HISTORICAL_PRICES,GOOGL,,2021-09-22,1632360897000,0.48207409129086626,0.48207409129086626,2786.08,2805.67,2817.74,2771.03,1252778,2786.08,2805.67,2817.74,2771.03,1252778,"Sep 22, 21",25.01000000000022,0.009
2824.32,2833.93,2808.03,2819.75,GOOGL,1047550,HISTORICAL_PRICES,GOOGL,,2021-09-23,1632455529000,0.49192581362548676,0.49192581362548676,2819.75,2824.32,2833.93,2808.03,1047550,2819.75,2824.32,2833.93,2808.03,1047550,"Sep 23, 21",18.65000000000009,0.0066
2844.3,2846.605,2804.82,2810.77,GOOGL,1149195,HISTORICAL_PRICES,GOOGL,,2021-09-24,1632551002000,0.5024800984643992,0.5024800984643992,2810.77,2844.3,2846.605,2804.82,1149195,2810.77,2844.3,2846.605,2804.82,1149195,"Sep 24, 21",19.980000000000018,0.0071
2821.44,2838.7699,2801.35,2816.0853,GOOGL,1094098,HISTORICAL_PRICES,GOOGL,,2021-09-27,1632797548000,0.49040447527032816,0.49040447527032816,2816.0853,2821.44,2838.7699,2801.35,1094098,2816.0853,2821.44,2838.7699,2801.35,1094098,"Sep 27, 21",-22.860000000000127,-0.008
2716.6,2781.93,2707.2,2773.1,GOOGL,2288610,HISTORICAL_PRICES,GOOGL,,2021-09-28,1632877616000,0.43502353320268133,0.43502353320268133,2773.1,2716.6,2781.93,2707.2,2288610,2773.1,2716.6,2781.93,2707.2,2288610,"Sep 28, 21",-104.84000000000015,-0.0372
2687.07,2743.02,2677.3,2739.6,GOOGL,1542435,HISTORICAL_PRICES,GOOGL,,2021-09-29,1632963854000,0.41942453263746204,0.41942453263746204,2739.6,2687.07,2743.02,2677.3,1542435,2739.6,2687.07,2743.02,2677.3,1542435,"Sep 29, 21",-29.529999999999745,-0.0109
2673.52,2710.85,2671.12,2685.23,GOOGL,1901440,HISTORICAL_PRICES,GOOGL,,2021-09-30,1633049537000,0.41226684697343474,0.41226684697343474,2685.23,2673.52,2710.85,2671.12,1901440,2685.23,2673.52,2710.85,2671.12,1901440,"Sep 30, 21",-13.550000000000182,-0.005
2730.86,2738.21,2681.46,2688.95,GOOGL,1768009,HISTORICAL_PRICES,GOOGL,,2021-10-01,1633137639000,0.44255627103065404,0.44255627103065404,2688.95,2730.86,2738.21,2681.46,1768009,2688.95,2730.86,2738.21,2681.46,1768009,"Oct 1, 21",57.340000000000146,0.0214
2673.19,2719.21,2621,2719.21,GOOGL,2560097,HISTORICAL_PRICES,GOOGL,,2021-10-04,1633399477000,0.41209252695357285,0.41209252695357285,2719.21,2673.19,2719.21,2621,2560097,2719.21,2673.19,2719.21,2621,2560097,"Oct 4, 21",-57.67000000000007,-0.0211
2720.46,2744.49,2680.82,2680.82,GOOGL,1620163,HISTORICAL_PRICES,GOOGL,,2021-10-05,1633484280000,0.4370625491925814,0.4370625491925814,2680.82,2720.46,2744.49,2680.82,1620163,2680.82,2720.46,2744.49,2680.82,1620163,"Oct 5, 21",47.26999999999998,0.0177
2751.3,2755,2691,2695,GOOGL,1218214,HISTORICAL_PRICES,GOOGL,,2021-10-06,1633570476000,0.45335354741240436,0.45335354741240436,2695,2751.3,2755,2691,1218214,2695,2751.3,2755,2691,1218214,"Oct 6, 21",30.840000000000146,0.0113
2784.5,2800.84,2773.024,2777.84,GOOGL,1255507,HISTORICAL_PRICES,GOOGL,,2021-10-07,1633656893000,0.470891197895482,0.470891197895482,2777.84,2784.5,2800.84,2773.024,1255507,2777.84,2784.5,2800.84,2773.024,1255507,"Oct 7, 21",33.19999999999982,0.0121
2795.71,2806.6207,2784.35,2791.54,GOOGL,1326292,HISTORICAL_PRICES,GOOGL,,2021-10-08,1633742517000,0.4768127961459429,0.4768127961459429,2791.54,2795.71,2806.6207,2784.35,1326292,2791.54,2795.71,2806.6207,2784.35,1326292,"Oct 8, 21",11.210000000000036,0.004
2778.28,2814.24,2777.18,2785.84,GOOGL,897681,HISTORICAL_PRICES,GOOGL,,2021-10-11,1634000461000,0.46760552964232716,0.46760552964232716,2785.84,2778.28,2814.24,2777.18,897681,2785.84,2778.28,2814.24,2777.18,897681,"Oct 11, 21",-17.429999999999836,-0.0062
2728.98,2790.14,2715.2,2789.6,GOOGL,1816612,HISTORICAL_PRICES,GOOGL,,2021-10-12,1634088948000,0.4415631751599255,0.4415631751599255,2789.6,2728.98,2790.14,2715.2,1816612,2789.6,2728.98,2790.14,2715.2,1816612,"Oct 12, 21",-49.30000000000018,-0.0177
2751.64,2760,2730.3763,2748.05,GOOGL,983116,HISTORICAL_PRICES,GOOGL,,2021-10-13,1634173887000,0.4535331498571104,0.4535331498571104,2748.05,2751.64,2760,2730.3763,983116,2748.05,2751.64,2760,2730.3763,983116,"Oct 13, 21",22.659999999999854,0.0083
2823.02,2826.745,2776.5,2789.4761,GOOGL,1596397,HISTORICAL_PRICES,GOOGL,,2021-10-14,1634260120000,0.4912390983957276,0.4912390983957276,2789.4761,2823.02,2826.745,2776.5,1596397,2789.4761,2823.02,2826.745,2776.5,1596397,"Oct 14, 21",71.38000000000011,0.0259
2827.36,2834.36,2815.1,2832.29,GOOGL,1513722,HISTORICAL_PRICES,GOOGL,,2021-10-15,1634347030000,0.49353167077815413,0.49353167077815413,2832.29,2827.36,2834.36,2815.1,1513722,2832.29,2827.36,2834.36,2815.1,1513722,"Oct 15, 21",4.3400000000001455,0.0015
2855.56,2855.92,2821.389,2821.53,GOOGL,1019808,HISTORICAL_PRICES,GOOGL,,2021-10-18,1634605370000,0.5084281088390815,0.5084281088390815,2821.53,2855.56,2855.92,2821.389,1019808,2821.53,2855.56,2855.92,2821.389,1019808,"Oct 18, 21",28.199999999999818,0.01
2864.74,2873.25,2852,2867.75,GOOGL,1008150,HISTORICAL_PRICES,GOOGL,,2021-10-19,1634692752000,0.5132773748461493,0.5132773748461493,2867.75,2864.74,2873.25,2852,1008150,2867.75,2864.74,2873.25,2852,1008150,"Oct 19, 21",9.179999999999836,0.0032
2835.38,2870.9218,2827.53,2866.76,GOOGL,1164403,HISTORICAL_PRICES,GOOGL,,2021-10-20,1634778277000,0.4977681755032831,0.4977681755032831,2866.76,2835.38,2870.9218,2827.53,1164403,2866.76,2835.38,2870.9218,2827.53,1164403,"Oct 20, 21",-29.359999999999673,-0.0102
2837.72,2843.12,2810,2835.38,GOOGL,1314613,HISTORICAL_PRICES,GOOGL,,2021-10-21,1634864724000,0.4990042629168493,0.4990042629168493,2835.38,2837.72,2843.12,2810,1314613,2835.38,2837.72,2843.12,2810,1314613,"Oct 21, 21",2.3399999999996908,0.0008
2751.33,2811.655,2721.12,2783,GOOGL,2529448,HISTORICAL_PRICES,GOOGL,,2021-10-22,1634951951000,0.4533693946869371,0.4533693946869371,2783,2751.33,2811.655,2721.12,2529448,2783,2751.33,2811.655,2721.12,2529448,"Oct 22, 21",-86.38999999999987,-0.0304
2748.94,2760,2708.48,2751,GOOGL,1720613,HISTORICAL_PRICES,GOOGL,,2021-10-25,1635210219000,0.45210689514914937,0.45210689514914937,2751,2748.94,2760,2708.48,1720613,2751,2748.94,2760,2708.48,1720613,"Oct 25, 21",-2.3899999999998727,-0.0009
2786.17,2801.6588,2766.09,2785.27,GOOGL,2461751,HISTORICAL_PRICES,GOOGL,,2021-10-26,1635305732000,0.47177336284448024,0.47177336284448024,2785.27,2786.17,2801.6588,2766.09,2461751,2785.27,2786.17,2801.6588,2766.09,2461751,"Oct 26, 21",37.23000000000002,0.0135
2924.35,2973,2788.1,2788.1,GOOGL,4289070,HISTORICAL_PRICES,GOOGL,,2021-10-27,1635383532000,0.5447659093430248,0.5447659093430248,2788.1,2924.35,2973,2788.1,4289070,2788.1,2924.35,2973,2788.1,4289070,"Oct 27, 21",138.17999999999984,0.0496
2916.98,2943.16,2892.535,2942.69,GOOGL,1810319,HISTORICAL_PRICES,GOOGL,,2021-10-28,1635469463000,0.5408727622327754,0.5408727622327754,2942.69,2916.98,2943.16,2892.535,1810319,2942.69,2916.98,2943.16,2892.535,1810319,"Oct 28, 21",-7.369999999999891,-0.0025
2960.92,2964.84,2892.99,2901.56,GOOGL,2166015,HISTORICAL_PRICES,GOOGL,,2021-10-29,1635567738000,0.5640837369986319,0.5640837369986319,2901.56,2960.92,2964.84,2892.99,2166015,2901.56,2960.92,2964.84,2892.99,2166015,"Oct 29, 21",43.940000000000055,0.0151
2869.94,2960.92,2864.51,2960.92,GOOGL,2346162,HISTORICAL_PRICES,GOOGL,,2021-11-01,1635816483000,0.5160242357651857,0.5160242357651857,2960.92,2869.94,2960.92,2864.51,2346162,2960.92,2869.94,2960.92,2864.51,2346162,"Nov 1, 21",-90.98000000000002,-0.0307
2908.65,2932.18,2886.71,2891.59,GOOGL,1674112,HISTORICAL_PRICES,GOOGL,,2021-11-02,1635908011000,0.5364725023374731,0.5364725023374731,2891.59,2908.65,2932.18,2886.71,1674112,2891.59,2908.65,2932.18,2886.71,1674112,"Nov 2, 21",38.710000000000036,0.0135
2931.96,2933.38,2891.82,2918.01,GOOGL,1374662,HISTORICAL_PRICES,GOOGL,,2021-11-03,1635987988000,0.5487858346495376,0.5487858346495376,2918.01,2931.96,2933.38,2891.82,1374662,2918.01,2931.96,2933.38,2891.82,1374662,"Nov 3, 21",23.309999999999945,0.008
2965.35,2994.67,2926.16,2942.49,GOOGL,1920563,HISTORICAL_PRICES,GOOGL,,2021-11-04,1636074306000,0.566423851204657,0.566423851204657,2942.49,2965.35,2994.67,2926.16,1920563,2942.49,2965.35,2994.67,2926.16,1920563,"Nov 4, 21",33.38999999999987,0.0114
2977.04,3006.55,2963.94,2983.39,GOOGL,1917737,HISTORICAL_PRICES,GOOGL,,2021-11-05,1636161734000,0.5725990058476443,0.5725990058476443,2983.39,2977.04,3006.55,2963.94,1917737,2983.39,2977.04,3006.55,2963.94,1917737,"Nov 5, 21",11.690000000000055,0.0039
2980.62,3012.295,2968.61,2996.5,GOOGL,1152625,HISTORICAL_PRICES,GOOGL,,2021-11-08,1636423501000,0.5744901139419039,0.5744901139419039,2996.5,2980.62,3012.295,2968.61,1152625,2996.5,2980.62,3012.295,2968.61,1152625,"Nov 8, 21",3.5799999999999272,0.0012
2978.37,2996.69,2944.895,2984.66,GOOGL,976487,HISTORICAL_PRICES,GOOGL,,2021-11-09,1636529920000,0.5733015683519362,0.5733015683519362,2984.66,2978.37,2996.69,2944.895,976487,2984.66,2978.37,2996.69,2944.895,976487,"Nov 9, 21",-2.25,-0.0008
2917.87,2961.4,2890.75,2950,GOOGL,1498490,HISTORICAL_PRICES,GOOGL,,2021-11-10,1636596338000,0.5413428980439181,0.5413428980439181,2950,2917.87,2961.4,2890.75,1498490,2950,2917.87,2961.4,2890.75,1498490,"Nov 10, 21",-60.5,-0.0203
2915.33,2950.71,2912.01,2929.79,GOOGL,825874,HISTORICAL_PRICES,GOOGL,,2021-11-11,1636684711000,0.5400011621334657,0.5400011621334657,2929.79,2915.33,2950.71,2912.01,825874,2929.79,2915.33,2950.71,2912.01,825874,"Nov 11, 21",-2.5399999999999636,-0.0009
2973.56,2977,2908.2201,2932.31,GOOGL,1118000,HISTORICAL_PRICES,GOOGL,,2021-11-12,1636773858000,0.5707607220018277,0.5707607220018277,2932.31,2973.56,2977,2908.2201,1118000,2932.31,2973.56,2977,2908.2201,1118000,"Nov 12, 21",58.23000000000002,0.02
2969.04,2990.99,2951.5,2978.01,GOOGL,1175352,HISTORICAL_PRICES,GOOGL,,2021-11-15,1637028490000,0.5683730659722039,0.5683730659722039,2978.01,2969.04,2990.99,2951.5,1175352,2978.01,2969.04,2990.99,2951.5,1175352,"Nov 15, 21",-4.519999999999982,-0.0015
2957.52,2975.25,2946.25,2962.99,GOOGL,945200,HISTORICAL_PRICES,GOOGL,,2021-11-16,1637114805000,0.5622877125515697,0.5622877125515697,2962.99,2957.52,2975.25,2946.25,945200,2962.99,2957.52,2975.25,2946.25,945200,"Nov 16, 21",-11.519999999999982,-0.0039
2960.94,2971.19,2944.8,2960.55,GOOGL,979975,HISTORICAL_PRICES,GOOGL,,2021-11-17,1637200479000,0.5640943018483205,0.5640943018483205,2960.55,2960.94,2971.19,2944.8,979975,2960.55,2960.94,2971.19,2944.8,979975,"Nov 17, 21",3.4200000000000728,0.0012
2996.77,3011.61,2957.69,2964.83,GOOGL,1781411,HISTORICAL_PRICES,GOOGL,,2021-11-18,1637286858000,0.5830212300654493,0.5830212300654493,2964.83,2996.77,3011.61,2957.69,1781411,2964.83,2996.77,3011.61,2957.69,1781411,"Nov 18, 21",35.82999999999993,0.0121
2978.53,3019.33,2977.98,2999.5088,GOOGL,1684969,HISTORICAL_PRICES,GOOGL,,2021-11-19,1637375005000,0.5733860871494453,0.5733860871494453,2999.5088,2978.53,3019.33,2977.98,1684969,2999.5088,2978.53,3019.33,2977.98,1684969,"Nov 19, 21",-18.23999999999978,-0.0061
2926.04,2996.59,2922.95,2986.65,GOOGL,1531460,HISTORICAL_PRICES,GOOGL,,2021-11-22,1637634185000,0.5456586391417116,0.5456586391417116,2986.65,2926.04,2996.59,2922.95,1531460,2986.65,2926.04,2996.59,2922.95,1531460,"Nov 22, 21",-52.49000000000024,-0.0176
2915.64,2933.2,2882.3,2923.06,GOOGL,1361558,HISTORICAL_PRICES,GOOGL,,2021-11-23,1637720318000,0.540164917303639,0.540164917303639,2923.06,2915.64,2933.2,2882.3,1361558,2923.06,2915.64,2933.2,2882.3,1361558,"Nov 23, 21",-10.400000000000091,-0.0036
2922.4,2924.985,2887.46,2909.47,GOOGL,902007,HISTORICAL_PRICES,GOOGL,,2021-11-24,1637805997000,0.5437358364983863,0.5437358364983863,2909.47,2922.4,2924.985,2887.46,902007,2909.47,2922.4,2924.985,2887.46,902007,"Nov 24, 21",6.760000000000218,0.0023
2843.66,2891.15,2836.85,2886.97,GOOGL,1523462,HISTORICAL_PRICES,GOOGL,,2021-11-26,1637979599000,0.5021420232743639,0.5021420232743639,2886.97,2843.66,2891.15,2836.85,1523462,2886.97,2843.66,2891.15,2836.85,1523462,"Nov 26, 21",-78.74000000000024,-0.0269
2910.61,2925.95,2877.87,2880,GOOGL,1629752,HISTORICAL_PRICES,GOOGL,,2021-11-29,1638237942000,0.537507857606956,0.537507857606956,2880,2910.61,2925.95,2877.87,1629752,2880,2910.61,2925.95,2877.87,1629752,"Nov 29, 21",66.95000000000027,0.0235
2837.95,2920,2832.03,2900.17,GOOGL,2103361,HISTORICAL_PRICES,GOOGL,,2021-11-30,1638361457000,0.4991257586882682,0.4991257586882682,2900.17,2837.95,2920,2832.03,2103361,2900.17,2837.95,2920,2832.03,2103361,"Nov 30, 21",-72.66000000000031,-0.025
2821.03,2919.005,2818.24,2880,GOOGL,1702762,HISTORICAL_PRICES,GOOGL,,2021-12-01,1638409698000,0.4901878958517119,0.4901878958517119,2880,2821.03,2919.005,2818.24,1702762,2880,2821.03,2919.005,2818.24,1702762,"Dec 1, 21",-16.919999999999618,-0.006
2859.32,2877.29,2804.29,2825,GOOGL,1459742,HISTORICAL_PRICES,GOOGL,,2021-12-02,1638526607000,0.5104143005805386,0.5104143005805386,2825,2859.32,2877.29,2804.29,1459742,2825,2859.32,2877.29,2804.29,1459742,"Dec 2, 21",38.289999999999964,0.0136
2840.03,2888,2806.02,2873.62,GOOGL,2061508,HISTORICAL_PRICES,GOOGL,,2021-12-03,1638586676000,0.500224503055883,0.500224503055883,2873.62,2840.03,2888,2806.02,2061508,2873.62,2840.03,2888,2806.02,2061508,"Dec 3, 21",-19.289999999999964,-0.0067
2863.1,2877.05,2803,2860.81,GOOGL,1530905,HISTORICAL_PRICES,GOOGL,,2021-12-06,1638881761000,0.5124110571716841,0.5124110571716841,2860.81,2863.1,2877.05,2803,1530905,2860.81,2863.1,2877.05,2803,1530905,"Dec 6, 21",23.06999999999971,0.0081
2945.39,2950.6234,2904.55,2911.93,GOOGL,1612015,HISTORICAL_PRICES,GOOGL,,2021-12-07,1638928828000,0.5558801312154331,0.5558801312154331,2911.93,2945.39,2950.6234,2904.55,1612015,2911.93,2945.39,2950.6234,2904.55,1612015,"Dec 7, 21",82.28999999999996,0.0287
2963.73,2967.86,2928.12,2951.93,GOOGL,1213516,HISTORICAL_PRICES,GOOGL,,2021-12-08,1639015329000,0.5655680983798803,0.5655680983798803,2951.93,2963.73,2967.86,2928.12,1213516,2951.93,2963.73,2967.86,2928.12,1213516,"Dec 8, 21",18.340000000000146,0.0062
2952.77,2982,2942.3001,2951.82,GOOGL,1163486,HISTORICAL_PRICES,GOOGL,,2021-12-09,1639101860000,0.559778560750527,0.559778560750527,2951.82,2952.77,2982,2942.3001,1163486,2951.82,2952.77,2982,2942.3001,1163486,"Dec 9, 21",-10.960000000000036,-0.0037
2960.03,2979.55,2934.075,2974,GOOGL,1223138,HISTORICAL_PRICES,GOOGL,,2021-12-10,1639194347000,0.5636136011874893,0.5636136011874893,2974,2960.03,2979.55,2934.075,1223138,2974,2960.03,2979.55,2934.075,1223138,"Dec 10, 21",7.260000000000218,0.0025
2916.53,2959.4,2910.35,2955.63,GOOGL,1353470,HISTORICAL_PRICES,GOOGL,,2021-12-13,1639461178000,0.540635053114782,0.540635053114782,2955.63,2916.53,2959.4,2910.35,1353470,2955.63,2916.53,2959.4,2910.35,1353470,"Dec 13, 21",-43.5,-0.0147
2878.14,2889.6,2824.295,2879.36,GOOGL,1922312,HISTORICAL_PRICES,GOOGL,,2021-12-14,1639533670000,0.520355824137512,0.520355824137512,2879.36,2878.14,2889.6,2824.295,1922312,2879.36,2878.14,2889.6,2824.295,1922312,"Dec 14, 21",-38.39000000000033,-0.0132
2928.82,2934.42,2833.5578,2868.18,GOOGL,1818523,HISTORICAL_PRICES,GOOGL,,2021-12-15,1639655777000,0.5471271532484273,0.5471271532484273,2868.18,2928.82,2934.42,2833.5578,1818523,2868.18,2928.82,2934.42,2833.5578,1818523,"Dec 15, 21",50.68000000000029,0.0176
2888.9,2953.535,2872.14,2943.41,GOOGL,1682519,HISTORICAL_PRICES,GOOGL,,2021-12-16,1639718734000,0.5260397132699796,0.5260397132699796,2943.41,2888.9,2953.535,2872.14,1682519,2943.41,2888.9,2953.535,2872.14,1682519,"Dec 16, 21",-39.92000000000007,-0.0136
2834.5,2876.69,2826,2850,GOOGL,2550894,HISTORICAL_PRICES,GOOGL,,2021-12-17,1639804629000,0.49730332211698464,0.49730332211698464,2850,2834.5,2876.69,2826,2550894,2850,2834.5,2876.69,2826,2550894,"Dec 17, 21",-54.40000000000009,-0.0188
2832.14,2835.49,2786.42,2800,GOOGL,1359618,HISTORICAL_PRICES,GOOGL,,2021-12-20,1640059231000,0.49605666985372965,0.49605666985372965,2800,2832.14,2835.49,2786.42,1359618,2800,2832.14,2835.49,2786.42,1359618,"Dec 20, 21",-2.3600000000001273,-0.0008
2869.45,2877.38,2810.05,2841.07,GOOGL,1437768,HISTORICAL_PRICES,GOOGL,,2021-12-21,1640151603000,0.5157653969478149,0.5157653969478149,2841.07,2869.45,2877.38,2810.05,1437768,2841.07,2869.45,2877.38,2810.05,1437768,"Dec 21, 21",37.309999999999945,0.0132
2928.3,2930,2861.35,2861.35,GOOGL,1316119,HISTORICAL_PRICES,GOOGL,,2021-12-22,1640237848000,0.5468524671565237,0.5468524671565237,2861.35,2928.3,2930,2861.35,1316119,2861.35,2928.3,2930,2861.35,1316119,"Dec 22, 21",58.850000000000364,0.0205
2938.33,2964.87,2929.04,2930,GOOGL,1319172,HISTORICAL_PRICES,GOOGL,,2021-12-23,1640317356000,0.552150739275357,0.552150739275357,2930,2938.33,2964.87,2929.04,1319172,2930,2938.33,2964.87,2929.04,1319172,"Dec 23, 21",10.029999999999745,0.0034
2958.13,2966.8799,2943.385,2945.12,GOOGL,799223,HISTORICAL_PRICES,GOOGL,,2021-12-27,1640660584000,0.5626099404670721,0.5626099404670721,2945.12,2958.13,2966.8799,2943.385,799223,2945.12,2958.13,2966.8799,2943.385,799223,"Dec 27, 21",19.800000000000182,0.0067
2933.74,2965.9801,2921.0856,2964.72,GOOGL,912715,HISTORICAL_PRICES,GOOGL,,2021-12-28,1640747855000,0.549726106271823,0.549726106271823,2964.72,2933.74,2965.9801,2921.0856,912715,2964.72,2933.74,2965.9801,2921.0856,912715,"Dec 28, 21",-24.390000000000327,-0.0082
2933.1,2948.34,2912.95,2932.8857,GOOGL,889373,HISTORICAL_PRICES,GOOGL,,2021-12-29,1640828962000,0.5493880310817878,0.5493880310817878,2932.8857,2933.1,2948.34,2912.95,889373,2932.8857,2933.1,2948.34,2912.95,889373,"Dec 29, 21",-0.6399999999998727,-0.0002
2924.01,2946,2919.89,2933.88,GOOGL,784386,HISTORICAL_PRICES,GOOGL,,2021-12-30,1640928594000,0.5445863068983188,0.5445863068983188,2933.88,2924.01,2946,2919.89,784386,2933.88,2924.01,2946,2919.89,784386,"Dec 30, 21",-9.08999999999969,-0.0031
2897.04,2933.97,2897.04,2921,GOOGL,906759,HISTORICAL_PRICES,GOOGL,,2021-12-31,1641009347000,0.5303396070932401,0.5303396070932401,2921,2897.04,2933.97,2897.04,906759,2921,2897.04,2933.97,2897.04,906759,"Dec 31, 21",-26.970000000000255,-0.0092
2899.83,2917.02,2874.255,2901.1,GOOGL,1433947,HISTORICAL_PRICES,GOOGL,,2022-01-03,1641266440000,0.5318134036247999,0.5318134036247999,2901.1,2899.83,2917.02,2874.255,1433947,2901.1,2899.83,2917.02,2874.255,1433947,"Jan 3, 22",2.7899999999999636,0.001
2887.99,2929.6978,2874.325,2907.92,GOOGL,1419972,HISTORICAL_PRICES,GOOGL,,2022-01-04,1641367771000,0.5255590126091481,0.5255590126091481,2907.92,2887.99,2929.6978,2874.325,1419972,2907.92,2887.99,2929.6978,2874.325,1419972,"Jan 4, 22",-11.840000000000146,-0.0041
2755.5,2889.9875,2753.76,2888.4,GOOGL,2730914,HISTORICAL_PRICES,GOOGL,,2022-01-05,1641458264000,0.45557216584701044,0.45557216584701044,2888.4,2755.5,2889.9875,2753.76,2730914,2888.4,2755.5,2889.9875,2753.76,2730914,"Jan 5, 22",-132.48999999999978,-0.0459
2754.95,2798.8,2731.17,2739.97,GOOGL,1867371,HISTORICAL_PRICES,GOOGL,,2022-01-06,1641520874000,0.45528163248057385,0.45528163248057385,2739.97,2754.95,2798.8,2731.17,1867371,2739.97,2754.95,2798.8,2731.17,1867371,"Jan 6, 22",-0.5500000000001819,-0.0002
2740.34,2768.97,2715.33,2762.91,GOOGL,1488028,HISTORICAL_PRICES,GOOGL,,2022-01-07,1641609032000,0.44756400978305094,0.44756400978305094,2762.91,2740.34,2768.97,2715.33,1488028,2762.91,2740.34,2768.97,2715.33,1488028,"Jan 7, 22",-14.609999999999673,-0.0053
2773.39,2776.39,2663.29,2701.56,GOOGL,2220406,HISTORICAL_PRICES,GOOGL,,2022-01-10,1641868229000,0.46502242389346404,0.46502242389346404,2701.56,2773.39,2776.39,2663.29,2220406,2701.56,2773.39,2776.39,2663.29,2220406,"Jan 10, 22",33.04999999999973,0.0121
2794.72,2804.32,2733.845,2760.14,GOOGL,1436485,HISTORICAL_PRICES,GOOGL,,2022-01-11,1641956437000,0.476289836086357,0.476289836086357,2760.14,2794.72,2804.32,2733.845,1436485,2760.14,2794.72,2804.32,2733.845,1436485,"Jan 11, 22",21.329999999999927,0.0077
2828.61,2852.155,2813.89,2823,GOOGL,1305602,HISTORICAL_PRICES,GOOGL,,2022-01-12,1642039231000,0.4941919738836917,0.4941919738836917,2823,2828.61,2852.155,2813.89,1305602,2823,2828.61,2852.155,2813.89,1305602,"Jan 12, 22",33.89000000000033,0.0121
2771.74,2857,2768.18,2830.8,GOOGL,1571830,HISTORICAL_PRICES,GOOGL,,2022-01-13,1642125628000,0.4641508237941544,0.4641508237941544,2830.8,2771.74,2857,2768.18,1571830,2830.8,2771.74,2857,2768.18,1571830,"Jan 13, 22",-56.870000000000346,-0.0201
2789.61,2814.84,2739.97,2741.58,GOOGL,1483064,HISTORICAL_PRICES,GOOGL,,2022-01-14,1642213834000,0.47359051699091964,0.47359051699091964,2741.58,2789.61,2814.84,2739.97,1483064,2741.58,2789.61,2814.84,2739.97,1483064,"Jan 14, 22",17.870000000000346,0.0064
2719.96,2742.63,2708.765,2723.5,GOOGL,1744405,HISTORICAL_PRICES,GOOGL,,2022-01-18,1642575627000,0.4367984279503664,0.4367984279503664,2723.5,2719.96,2742.63,2708.765,1744405,2723.5,2719.96,2742.63,2708.765,1744405,"Jan 18, 22",-69.65000000000009,-0.025
2702.33,2759.19,2700.31,2730.47,GOOGL,1432382,HISTORICAL_PRICES,GOOGL,,2022-01-19,1642645880000,0.42748551294986453,0.42748551294986453,2730.47,2702.33,2759.19,2700.31,1432382,2730.47,2702.33,2759.19,2700.31,1432382,"Jan 19, 22",-17.63000000000011,-0.0065
2666.15,2752.52,2659.2931,2725,GOOGL,1495357,HISTORICAL_PRICES,GOOGL,,2022-01-20,1642732237000,0.4083736998631853,0.4083736998631853,2725,2666.15,2752.52,2659.2931,1495357,2725,2666.15,2752.52,2659.2931,1495357,"Jan 20, 22",-36.179999999999836,-0.0134
2607.03,2697.3106,2601.73,2651.87,GOOGL,2782571,HISTORICAL_PRICES,GOOGL,,2022-01-21,1642818642000,0.3771440041836806,0.3771440041836806,2651.87,2607.03,2697.3106,2601.73,2782571,2651.87,2607.03,2697.3106,2601.73,2782571,"Jan 21, 22",-59.11999999999989,-0.0222
2616.08,2624.06,2490,2519.56,GOOGL,3834712,HISTORICAL_PRICES,GOOGL,,2022-01-24,1643076034000,0.38192459866777245,0.38192459866777245,2519.56,2616.08,2624.06,2490,3834712,2519.56,2616.08,2624.06,2490,3834712,"Jan 24, 22",9.049999999999727,0.0035
2538.7,2587.98,2530.01,2574.8,GOOGL,2348028,HISTORICAL_PRICES,GOOGL,,2022-01-25,1643164234000,0.34104919522257493,0.34104919522257493,2574.8,2538.7,2587.98,2530.01,2348028,2574.8,2538.7,2587.98,2530.01,2348028,"Jan 25, 22",-77.38000000000011,-0.0296
2584.66,2660,2542.84,2622.38,GOOGL,2456475,HISTORICAL_PRICES,GOOGL,,2022-01-26,1643250631000,0.3653272198069802,0.3653272198069802,2622.38,2584.66,2660,2542.84,2456475,2622.38,2584.66,2660,2542.84,2456475,"Jan 26, 22",45.960000000000036,0.0181
2580.1,2653.045,2578.6458,2626.08,GOOGL,1600939,HISTORICAL_PRICES,GOOGL,,2022-01-27,1643335232000,0.36291843407797914,0.36291843407797914,2626.08,2580.1,2653.045,2578.6458,1600939,2626.08,2580.1,2653.045,2578.6458,1600939,"Jan 27, 22",-4.559999999999945,-0.0018
2667.02,2667.13,2569.7,2593.18,GOOGL,1718074,HISTORICAL_PRICES,GOOGL,,2022-01-28,1643423429000,0.4088332708246394,0.4088332708246394,2593.18,2667.02,2667.13,2569.7,1718074,2593.18,2667.02,2667.13,2569.7,1718074,"Jan 28, 22",86.92000000000007,0.0337